,First Name,Last Name,Email,Job Title
1,Phillip,Summers,bethany14@example.com,Phytotherapist
6,Katherine,Buck,conniecowan@example.com,Intelligence analyst
10,Sheila,Ross,huangcathy@example.com,Advertising account executive
13,Bridget,Nash,mercedes44@example.com,Social worker
15,Thomas,Knight,braunpriscilla@example.net,Sport and exercise psychologist
19,Jared,Mitchell,jcortez@example.com,Paediatric nurse
20,Jacqueline,Norton,carias@example.net,"Scientist, marine"
21,Colleen,Hatfield,fknox@example.org,Commercial horticulturist
23,Janice,Rhodes,juarezdominique@example.net,Drilling engineer
24,Alfred,Mcneil,cassandramorris@example.com,Systems analyst
27,Brittney,Vega,ayalajose@example.net,Recycling officer
30,Isaiah,Camacho,jimblake@example.org,Food technologist
32,Bonnie,Andrews,caitlin24@example.net,Seismic interpreter
33,Brandon,Schmidt,mconley@example.net,"Engineer, biomedical"
34,Jackson,Sparks,reynoldsdarryl@example.net,Set designer
37,Gene,Rich,luisdeleon@example.org,"Surveyor, quantity"
38,Cynthia,Wiggins,rosariodave@example.org,Outdoor activities/education manager
39,Tanya,Mckinney,vickihouston@example.com,Information systems manager
40,Matthew,Stone,evelyn31@example.org,"Scientist, clinical (histocompatibility and immunogenetics)"
41,Kirk,Walsh,stephenfuller@example.org,Accounting technician
42,Willie,Vang,haleymathews@example.net,Management consultant
43,Miguel,Hill,tyrone56@example.org,Make
45,Haley,Pugh,molly03@example.org,Commissioning editor
46,Danielle,Estrada,jvang@example.org,"Accountant, chartered management"
50,Heidi,Escobar,staffordtravis@example.net,Estate manager/land agent
51,Brian,Oconnell,saralong@example.net,Physiotherapist
52,Beverly,Esparza,iphelps@example.net,Passenger transport manager
53,Nathaniel,Rivas,roberto29@example.com,Call centre manager
54,Debra,Payne,yolanda07@example.org,Special educational needs teacher
55,Mackenzie,Rocha,abbottyvette@example.net,Museum/gallery exhibitions officer
56,Courtney,Watkins,ochang@example.org,Pension scheme manager
57,Fred,Olsen,amyanderson@example.com,Archaeologist
58,Ryan,Nelson,qnorman@example.org,Historic buildings inspector/conservation officer
63,Leslie,Conway,floreschristina@example.org,Chiropractor
64,Harold,Barnett,nathan65@example.org,"Biochemist, clinical"
66,Mike,Ward,imccullough@example.com,Hydrologist
67,Brittney,Rubio,corey92@example.com,"Biochemist, clinical"
72,Jean,Ritter,kristina76@example.com,Financial trader
73,Veronica,Briggs,weissbridget@example.com,Structural engineer
74,Kim,Andrews,wpetersen@example.org,"Biochemist, clinical"
77,Jermaine,Reid,vpaul@example.com,Newspaper journalist
80,Tyler,Foley,johnathan72@example.org,Economist
83,Douglas,Reese,nixonvanessa@example.net,Higher education lecturer
84,Helen,Williamson,melvin08@example.net,"Lecturer, further education"
88,Harry,Medina,olsenmalik@example.net,Technical sales engineer
89,Kathy,Haney,teresa37@example.com,Charity fundraiser
90,Alison,Nixon,zmiles@example.net,Patent attorney
91,Jamie,Hardy,sheenadouglas@example.com,"Conservator, furniture"
92,Melody,Cox,evan90@example.org,Dance movement psychotherapist
94,Dillon,Guzman,angelanavarro@example.net,Air broker
95,Dennis,Barnes,bmartin@example.org,Software engineer
96,Steve,Patterson,latasha46@example.net,Barrister
98,Summer,Oconnell,alexiscantrell@example.org,Broadcast journalist
