First Name,Last Name,Sex,Email
First Name,Last Name,Sex,Email
Shelby,Terrell,Male,elijah57@example.net
Phillip,Summers,Female,bethany14@example.com
Kristine,Travis,Male,bthompson@example.com
Yesenia,Martinez,Male,kaitlinkaiser@example.com
Lori,Todd,Male,buchananmanuel@example.net
Erin,Day,Male,tconner@example.org
Katherine,Buck,Female,conniecowan@example.com
Ricardo,Hinton,Male,wyattbishop@example.com
Dave,Farrell,Male,nmccann@example.net
Isaiah,Downs,Male,virginiaterrell@example.org
Sheila,Ross,Female,huangcathy@example.com
Stacy,Newton,Male,rayleroy@example.org
Mandy,Blake,Male,jefferynoble@example.org
Bridget,Nash,Female,mercedes44@example.com
Crystal,Farmer,Male,pmiranda@example.org
Thomas,Knight,Female,braunpriscilla@example.net
Maurice,Rangel,Male,sheenabanks@example.com
Frank,Meadows,Male,gbrewer@example.org
Alvin,Paul,Male,gilbertdonaldson@example.com
Jared,Mitchell,Female,jcortez@example.com
Jacqueline,Norton,Female,carias@example.net
Colleen,Hatfield,Female,fknox@example.org
Randy,Barnes,Male,huangbill@example.org
Janice,Rhodes,Female,juarezdominique@example.net
Alfred,Mcneil,Female,cassandramorris@example.com
Sean,Levine,Male,sallymiller@example.net
Louis,Payne,Male,bsullivan@example.net
Brittney,Vega,Female,ayalajose@example.net
Judy,Buckley,Male,irosales@example.net
Norman,Weber,Male,mconrad@example.com
Isaiah,Camacho,Female,jimblake@example.org
Jacqueline,Gallagher,Male,nsampson@example.net
Bonnie,Andrews,Female,caitlin24@example.net
Brandon,Schmidt,Female,mconley@example.net
Jackson,Sparks,Female,reynoldsdarryl@example.net
Melody,Cook,Male,jeannovak@example.org
Leonard,Hurst,Male,clinton78@example.org
Gene,Rich,Female,luisdeleon@example.org
Cynthia,Wiggins,Female,rosariodave@example.org
Tanya,Mckinney,Female,vickihouston@example.com
Matthew,Stone,Female,evelyn31@example.org
Kirk,Walsh,Female,stephenfuller@example.org
Willie,Vang,Female,haleymathews@example.net
Miguel,Hill,Female,tyrone56@example.org
Darren,Andrews,Male,lhernandez@example.com
Haley,Pugh,Female,molly03@example.org
Danielle,Estrada,Female,jvang@example.org
Becky,Brady,Male,erikmueller@example.org
Caitlyn,Frey,Male,rivasdominique@example.org
Joshua,Sweeney,Male,daisymcgee@example.net
Heidi,Escobar,Female,staffordtravis@example.net
Brian,Oconnell,Female,saralong@example.net
Beverly,Esparza,Female,iphelps@example.net
Nathaniel,Rivas,Female,roberto29@example.com
Debra,Payne,Female,yolanda07@example.org
Mackenzie,Rocha,Female,abbottyvette@example.net
Courtney,Watkins,Female,ochang@example.org
Fred,Olsen,Female,amyanderson@example.com
Ryan,Nelson,Female,qnorman@example.org
Grace,Phelps,Male,clarkeangela@example.net
Shari,Daugherty,Male,kalvarado@example.org
Kelli,Garner,Male,jodyvincent@example.org
Jackie,Bennett,Male,hutchinsonkirk@example.com
Leslie,Conway,Female,floreschristina@example.org
Harold,Barnett,Female,nathan65@example.org
Larry,Harper,Male,maria32@example.org
Mike,Ward,Female,imccullough@example.com
Brittney,Rubio,Female,corey92@example.com
Frank,Pineda,Male,daltoncalvin@example.net
Sandra,Wu,Male,ubanks@example.com
Ryan,Benton,Male,lopezdebbie@example.org
Tamara,Hull,Male,meagan39@example.net
Jean,Ritter,Female,kristina76@example.com
Veronica,Briggs,Female,weissbridget@example.com
Kim,Andrews,Female,wpetersen@example.org
Tina,Cunningham,Male,wongmary@example.org
Jonathon,Atkinson,Male,gailfrench@example.net
Jermaine,Reid,Female,vpaul@example.com
Regina,Stevens,Male,xpoole@example.net
Terrence,Huff,Male,cassandra80@example.org
Tyler,Foley,Female,johnathan72@example.org
Andrew,Waters,Male,nhall@example.net
Reginald,Stephenson,Male,erikaball@example.net
Douglas,Reese,Female,nixonvanessa@example.net
Helen,Williamson,Female,melvin08@example.net
Mario,Vaughn,Male,oblake@example.com
Chelsea,Dickson,Male,johnnyhendricks@example.net
Dustin,Bailey,Male,pbarron@example.net
Harry,Medina,Female,olsenmalik@example.net
Kathy,Haney,Female,teresa37@example.com
Alison,Nixon,Female,zmiles@example.net
Jamie,Hardy,Female,sheenadouglas@example.com
Melody,Cox,Female,evan90@example.org
Xavier,Cole,Male,nicolas90@example.org
Dillon,Guzman,Female,angelanavarro@example.net
Dennis,Barnes,Female,bmartin@example.org
Steve,Patterson,Female,latasha46@example.net
Wesley,Bray,Male,regina11@example.org
Summer,Oconnell,Female,alexiscantrell@example.org
Mariah,Bernard,Male,pcopeland@example.org
